road_type,Kreis_Name,Str,TKZST,Anfang,Ende,FSOD,FStr,Laenge_km,Land,Zaehlart,Kreis,VonNK,NachNK,Station_km,Herkunft,Ziel,DTV_2010,DTV_2015,DTV_2019,DTV,DTVw,DTVu,DTVs,DTV_LV,DTV_SV,DTV_Bus,DTV_LoA,DTV_LZ,DTV_Ri1,DTV_Ri2,DTV_SV_Ri1,DTV_SV_Ri2,X_Koordinate,Y_Koordinate
Autobahn,Neumarkt i.d.OPf,A 3,66349002,AS Oberölsbach (91),AS Neumarkt i. d. OPf. (92a),FS,4,6.482,9,MZa,373,6634015,6634017,2.656,Nürnberg,Passau,38583,43329,46990,38559,39777,39883,32461,28432,10127,107,612,9408,18625,19934,5431,4696,676910.123,5469702.105
Autobahn,Neumarkt i.d.OPf,A 3,66349051,AS Neumarkt i. d. OPf. (92a),AS Neumarkt-Ost (92b),FS,4,9.157,9,DZ,373,6634017,6735022,0.699,Nürnberg,Passau,34740,38483,40693,35110,34980,39064,30083,25524,9586,76,811,8699,17954,17156,5034,4552,680109.714,5465487.516
Autobahn,Neumarkt i.d.OPf,A 3,67359001,AS Neumarkt-Ost (92b),AS Velburg (93),FS,4,7.43,9,MZa,373,6735022,6735010,1.652,Nürnberg,Passau,34740,41588,44586,34669,34601,38135,30097,25324,9345,83,598,8664,17553,17116,4802,4543,688602.927,5461735.163
Autobahn,Neumarkt i.d.OPf,A 3,68369001,AS Velburg (93),AS Parsberg (94),FS,4,10.534,9,MZa,373,6735010,6836001,3.898,Nürnberg,Passau,34180,41817,44736,35488,35811,38498,30183,26152,9336,74,601,8661,18014,17474,4792,4544,695209.027,5452793.968
Autobahn,Neumarkt i.d.OPf,A 3,68379069,AS Parsberg (94),AS Beratzhausen (95),FS,4,10.852,9,MZa,373,6836002,6837015,8.241,Nürnberg,Passau,36985,40991,43644,36774,35721,42793,32108,27309,9464,60,1002,8402,18136,18638,5022,4443,708057.601,5447727.655
Autobahn,Regensburg LK,A 3,68379070,AS Beratzhausen (95),AS Laaber (96),FS,4,6.372,9,MZa,375,6837015,6937001,1.363,Nürnberg,Passau,37644,41660,44438,36799,36742,41567,30385,26692,10107,38,1255,8814,19070,17729,5333,4774,710701.533,5441819.685
Autobahn,Regensburg LK,A 3,69379081,AS Laaber (96),AS Nittendorf (97),FS,4,8.83,9,DZ,375,6937001,6937014,4.08,Nürnberg,Passau,37329,41301,43922,39150,39648,43184,31813,29603,9547,80,938,8529,19898,19252,4999,4548,714788.67,5435403.565
Autobahn,Regensburg LK,A 3,69379001,AS Nittendorf (97),AS Sinzing (98),FS,4,7.569,9,MZa,375,6937014,7038001,2.418,Nürnberg,Passau,43746,47801,49085,42624,43127,47700,33824,32108,10516,34,1519,8963,20212,22412,5353,5163,717642.048,5433409.604
Autobahn,Regensburg LK,A 3,70389074,AS Sinzing (98),AK Regensburg (99),FS,4,2.759,9,DZ,375,7038001,7038002,1.495,Nürnberg,Passau,52128,57016,58186,51271,53233,55317,38789,41301,9970,132,1029,8809,25332,25938,5144,4826,721955.621,5431560.196
Autobahn,Regensburg Stadt,A 3,70389080,AK Regensburg (99),AS Regensburg-Universität (100a),FS,4,3.21,9,MZa,362,7038002,7038036,0.366,Nürnberg,Passau,68910,76595,84847,59401,61607,59870,51028,46444,12957,123,1459,11375,26566,32834,6887,6070,724846.126,5430983.217
Autobahn,Regensburg Stadt,A 3,70389081,AS Regensburg-Universität (100a),AS Regensburg-Burgweinting (100b),FS,4,2.261,9,MZa,362,7038036,7038005,1.237,Nürnberg,Passau,65319,72620,80716,61313,61544,69471,49192,48126,13187,53,1955,11179,29017,32297,6893,6294,728147.312,5431396.282
Autobahn,Regensburg Stadt,A 3,70389001,AS Regensburg-Burgweinting (100b),AS Regensburg-Ost (101),FS,4,1.242,9,KW,362,7038005,7038030,1.233,Nürnberg,Passau,,,,,,,,,,,,,,,,,730117.318,5431928.612
Autobahn,Regensburg Stadt,A 3,70399076,AS Regensburg-Ost (101),AS Neutraubling (102),FS,4,3.423,9,MZa,362,7038030,7039001,1.336,Nürnberg,Passau,60998,65293,72604,57308,56956,64905,48002,44949,12358,67,1749,10542,30510,26798,6855,5504,731963.452,5432364.228
Autobahn,Regensburg LK,A 3,70399077,AS Neutraubling (102),AS Rosenhof (103),FS,6,3.296,9,MZa,375,7039001,7039002,0.855,Nürnberg,Passau,51676,55836,62081,51657,51234,58859,43147,39520,12137,71,1866,10200,28337,23320,6642,5495,734034.957,5432078.044
Autobahn,Regensburg LK,A 3,70399087,AS Rosenhof (103),AS Wörth a.d.  Donau/Wiesent (104a),FS,6,9.042,9,MZa,375,7039002,6940022,5.878,Nürnberg,Passau,47633,51504,57150,48716,48811,56101,38138,36732,11984,76,1840,10068,26524,22191,6768,5216,737484.311,5431669.041
Autobahn,Regensburg LK,A 3,70409088,AS Wörth a.d.  Donau/Wiesent (104a),AS Wörth a.d.  Donau-Ost (104b),FS,4,3.46,9,MZa,375,6940022,7040017,0.719,Nürnberg,Passau,46513,50293,55781,46378,46106,52500,38837,34490,11888,96,1805,9987,25756,20622,6556,5332,746365.654,5432927.278
Autobahn,Straubing-Bogen,A 3,70409001,AS Wörth a.d.  Donau-Ost (104b),AS Kirchroth (105),FS,4,10.541,9,MZa,278,7040017,7041025,7.908,Nürnberg,Passau,40193,43097,47720,43801,43914,50001,34807,32108,11693,58,1710,9924,22933,20868,6530,5163,750311.855,5432270.54
Autobahn,Straubing-Bogen,A 3,70419089,AS Kirchroth (105),AS Straubing (106),FS,4,6.366,9,MZa,278,7041025,7041026,1.351,Nürnberg,Passau,38748,41548,45968,41443,40790,47545,35266,29750,11693,41,1733,9918,22443,19000,6426,5267,759644.752,5428811.494
Autobahn,Straubing-Bogen,A 3,70419090,AS Straubing (106),AS Bogen (107),FS,4,8.777,9,MZa,278,7041026,7042027,0.608,Nürnberg,Passau,34883,37404,41378,37898,37445,42631,32920,27000,10898,49,1506,9344,20515,17384,5921,4977,765647.823,5427191.734
Autobahn,Straubing-Bogen,A 3,70429091,AS Bogen (107),AS Schwarzach (108),FS,4,5.728,9,MZa,278,7042027,7042028,4.917,Nürnberg,Passau,34893,37414,41389,38882,38777,43811,32413,28093,10789,57,1496,9236,21058,17824,5938,4850,774124.054,5425111.748
Autobahn,Straubing-Bogen,A 3,70429092,AS Schwarzach (108),AS Metten (109),FS,4,9.16,9,MZa,278,7042028,7143022,1.884,Nürnberg,Passau,35816,38404,42493,39232,38951,44281,33215,28486,10747,53,1420,9274,20627,18606,5782,4965,779129.516,5423032.612
Autobahn,Neumarkt i.d.OPf,A 6,65349001,AS Altdorf/Leinburg (62),AS Alfeld (63),FS,4,15.58,9,MZa,373,6534012,6535014,13.248,Nürnberg,Waidhaus,25229,27072,30094,24296,25555,25803,17798,16580,7715,28,775,6913,12058,12238,3858,3857,673019.551,5474675.526
Autobahn,Schwandorf,A 6,65389236,AS Amberg-Ost (67),AS Schmidgaden (68),FS,4,7.056,9,DZ,376,6537036,6538024,2.836,Nürnberg,Waidhaus,13246,17586,20430,16206,17637,16284,11086,,,,,,8105,8101,,,717567.741,5478723.574
Autobahn,Schwandorf,A 6,65389237,AS Schmidgaden (68),AS Nabburg-West (69),FS,4,7.57,9,MZa,376,6538024,6538025,4.865,Nürnberg,Waidhaus,12992,16453,19866,15818,17232,15986,10636,9995,5823,20,509,5295,7981,7837,2914,2909,725815.871,5482144.727
Autobahn,Schwandorf,A 6,65389238,AS Nabburg-West (69),AK Oberpfälzer Wald (A 93),FS,4,6.216,9,DZ,376,6538025,6438033,2.764,Nürnberg,Waidhaus,13511,17120,20433,16039,17420,16151,11051,9304,6735,43,1134,5558,7977,8062,3356,3379,727959.107,5487489.701
Autobahn,Schwandorf,A 6,64399088,AK Oberpfälzer Wald (A 93),AS Wernberg-Ost (71),FS,4,3.301,9,DZ,376,6438033,6439028,1.522,Nürnberg,Waidhaus,14862,18346,21328,16020,17194,16184,11681,9141,6879,41,985,5853,8052,7968,3417,3462,730194.324,5490803.245
Autobahn,Schwandorf,A 6,64399089,AS Wernberg-Ost (71),AS Leuchtenberg (72),FS,4,8.401,9,MZa,376,6439028,6439029,2.685,Nürnberg,Waidhaus,15222,18779,22190,15468,16465,16036,11192,9430,6039,32,454,5553,8006,7463,3115,2923,731751.577,5494858.91
Autobahn,Neumarkt i.d.OPf,A 9,66339002,AD Nürnberg/Feucht (A 73),AS Allersberg (55),FS,6,11.279,9,DZ,373,6633020,6733011,7.801,Hof,München,76489,83066,80742,62536,60953,69988,57742,50582,11954,149,1996,9809,31402,31134,6064,5890,660437.143,5464554.212
Autobahn,Eichstaett,A 9,70349001,AS Altmühltal (58),AS Denkendorf (59),FS,6,15.921,9,MZa,176,7034026,7034009,3.109,Nürnberg,München,65960,73176,73173,57385,55122,62394,58361,47069,10317,108,652,9557,28814,28571,5406,4911,677523.499,5425662.721
Autobahn,Eichstaett,A 9,71349051,AS Denkendorf (59),AS Lenting (60),FS,6,13.111,9,MZa,176,7034009,7134023,1.568,Nürnberg,München,73991,81463,81448,63268,60779,70873,61429,52707,10561,111,747,9703,31604,31664,5285,5276,681232.191,5410261.1
Autobahn,Eichstaett,A 9,72349090,AS Lenting (60),AS Ingolstadt-Nord (61),FS,6,4.878,9,DZ,176,7134029,7234024,1.676,Nürnberg,München,78680,86585,86192,70451,69531,77105,64439,59411,11040,129,1327,9584,35455,34996,5578,5462,680684.326,5406322.61
Autobahn,Pfaffenhofen a.d.Ilm,A 9,73359055,AS Manching (63),AS Langenbruck (64),FS,6,7.596,9,MZa,186,7234053,7335010,3.141,Nürnberg,München,85428,95238,96212,70586,70129,74346,66968,58695,11891,75,1922,9895,36687,33899,6171,5721,685174.762,5391583.811
Autobahn,Pfaffenhofen a.d.Ilm,A 9,73359056,AS Langenbruck (64),AD Holledau (65),FS,6,9.474,9,MZa,186,7335010,7435003,2.667,Nürnberg,München,75274,83954,88111,57768,55900,59963,61259,48808,8960,50,951,7958,31374,26394,5983,2977,687789.569,5386817.007
Autobahn,Pfaffenhofen a.d.Ilm,A 9,74359110,TRM In der Holledau,AS Pfaffenhofen (66),FS,8,5.651,9,MZa,186,7435003,7435026,4.872,Nürnberg,München,97386,101707,,81934,80639,88512,77344,68417,13518,116,2040,11362,42788,39146,6781,6737,691300.266,5378493.681
Autobahn,Pfaffenhofen a.d.Ilm,A 9,74359001,AD Holledau (65),TRM In der Holledau,FS,8,3.189,9,MZa,186,7435003,7435026,1.74,Nürnberg,München,94041,98214,,80993,79333,86264,79489,67307,13686,93,2141,11451,43334,37659,6850,6835,691116.4,5382218.245
Autobahn,Landshut LK,A 92,74389013,AS Landshut-West (12),AS Altdorf (13),FS,4,4.528,9,MZa,274,7438028,7438029,3.59,München,Deggendorf,36406,39178,42069,36589,38924,37646,26949,31366,5223,41,1238,3944,18398,18191,2644,2579,726733.651,5380788.857
Autobahn,Landshut LK,A 92,74389014,AS Altdorf (13),AS Landshut-Nord (14),FS,4,3.12,9,DZ,274,7438029,7438030,1.277,München,Deggendorf,38541,41496,44610,36860,39112,38281,27009,31570,5290,52,1070,4168,18366,18495,2619,2671,730856.614,5384652.022
Autobahn,Landshut LK,A 92,74399015,AS Landshut-Nord (14),AS Landshut/Essenbach (15),FS,4,4.127,9,MZa,274,7438030,7439026,1.314,München,Deggendorf,34021,36611,39591,33684,35765,34524,25234,27967,5717,25,1235,4457,16698,16986,3017,2700,734535.199,5386174.824
Autobahn,Landshut LK,A 92,74399001,AS Landshut/Essenbach (15),AK Landshut (16),FS,4,3.653,9,MZa,274,7439026,7339029,1.76,München,Deggendorf,,,,41115,43651,42407,30450,35090,6025,65,1206,4755,20468,20647,3119,2907,,
Autobahn,Landshut LK,A 92,73399016,AK Landshut (16),AS Wörth a.d.  Isar (17),FS,4,7.345,9,MZa,274,7339029,7339021,5.9,München,Deggendorf,32733,35225,38070,36150,38628,37272,25920,30171,5979,44,1145,4789,17546,18604,2980,2999,744232.788,5391140.616
Autobahn,Schwandorf,A 93,64389002,AS Luhe-Wildenau (26),AS Wernberg-Köblitz (27),FS,4,7.26,9,MZa,376,6438028,6438029,6.11,Weiden,Regensburg,29623,31356,35231,28969,28750,31875,25705,23916,5053,96,520,4437,15007,13962,2602,2451,726500.34,5492468.435
Autobahn,Schwandorf,A 93,64389001,AS Wernberg-Köblitz (27),AK Oberpfälzer Wald (A 6),FS,4,2.446,9,DZ,376,6438029,6438033,1.477,Weiden,Regensburg,32352,34375,37871,31924,32563,34409,26240,26057,5867,38,857,4972,15892,16032,2927,2940,727767.301,5490932.161
Autobahn,Schwandorf,A 93,64399087,AK Oberpfälzer Wald (A 6),AS Pfreimd (29),FS,4,3.695,9,DZ,376,6438033,6539004,1.4,Weiden,Regensburg,32227,34401,37385,30877,31251,33202,26343,25161,5716,53,712,4951,15265,15612,2830,2886,730200.993,5488562.031
Autobahn,Schwandorf,A 93,65399002,AS Pfreimd (29),AS Nabburg (30),FS,4,3.969,9,MZa,376,6539004,6539009,2.852,Weiden,Regensburg,32675,33545,36896,31694,32248,33732,26928,26097,5597,59,517,5021,15307,16387,2678,2919,731452.495,5484161.134
Autobahn,Schwandorf,A 93,65399001,AS Nabburg (30),AS Schwarzenfeld (31),FS,4,8.339,9,MZa,376,6539009,6638006,2.115,Weiden,Regensburg,34846,36405,40065,33289,34312,34610,27879,27530,5759,64,620,5076,15912,17377,2750,3009,731364.886,5482468.014
Autobahn,Schwandorf,A 93,66389001,AS Schwarzenfeld (31),AS Schwandorf-Nord (32),FS,4,5.034,9,MZa,376,6638006,6638018,3.322,Weiden,Regensburg,34795,38172,41924,34141,35187,35570,28499,28393,5748,59,600,5088,16493,17648,2745,3003,728830.808,5472318.224
Autobahn,Schwandorf,A 93,66389002,AS Schwandorf-Nord (32),AS Schwandorf-Mitte (33),FS,4,3.32,9,DZ,376,6638018,6638025,0.726,Weiden,Regensburg,40113,43765,48192,40246,40905,43614,33269,33252,6994,68,1002,5924,20233,20014,3496,3498,729234.15,5467769.376
Autobahn,Schwandorf,A 93,67389001,AS Schwandorf-Mitte (33),AS Schwandorf-Süd (34),FS,4,5.032,9,MZa,376,6638025,6738005,4.297,Weiden,Regensburg,36343,38861,43483,34059,35128,35105,28868,28351,5709,55,532,5122,16867,17192,2807,2902,729137.916,5466572.31
Autobahn,Schwandorf,A 93,67389002,AS Schwandorf-Süd (34),AS Teublitz (35),FS,4,6.278,9,MZa,376,6738005,6738018,3.348,Weiden,Regensburg,38148,40336,45101,36203,37540,37281,30029,30340,5863,56,620,5186,18146,18057,2888,2974,727898.452,5459335.318
Autobahn,Schwandorf,A 93,67389003,AS Teublitz (35),AS Ponholz (36),FS,4,7.403,9,MZa,376,6738018,6838027,1.146,Weiden,Regensburg,37804,42297,47235,36659,37862,38155,30372,30778,5881,53,602,5226,17658,19001,2917,2964,727176.85,5455407.32
Autobahn,Regensburg LK,A 93,68389049,AS Ponholz (36),AS Regenstauf (37),FS,4,4.314,9,MZa,375,6838017,6838022,1.113,Weiden,Regensburg,44745,48831,54404,44408,46649,45773,34671,37275,7133,54,1237,5842,21547,22861,3438,3695,726686.164,5445602.192
Autobahn,Regensburg LK,A 93,68389048,AS Regenstauf (37),AS Regensburg-Nord (38),FS,4,8.815,9,MZa,375,6838022,6938036,5.12,Weiden,Regensburg,50831,53491,59585,44876,46361,47463,36090,38774,6102,86,728,5288,21498,23378,2554,3548,726530.318,5445022.138
Autobahn,Regensburg LK,A 93,69389047,AS Regensburg-Nord (38),AS Regensburg-Pfaffenstein (39),FS,4,2.146,9,DZ,375,6938036,6938014,1.106,Weiden,Dreieck Holledau (A 9),64946,68298,71111,61377,64940,63027,46617,53776,7601,105,1616,5880,30900,30476,3798,3803,725174.566,5435403.053
Autobahn,Regensburg Stadt,A 93,69389046,AS Regensburg-Pfaffenstein (39),AS Regensburg-West (40),FS,6,1.011,9,MZa,362,6938014,6938019,0.538,Weiden,Dreieck Holledau (A 9),82805,87138,90733,74690,78027,78734,57405,67595,7095,80,1056,5960,39065,35626,4000,3096,724414.15,5434802.061
Autobahn,Regensburg Stadt,A 93,69389045,AS Regensburg-West (40),AS Regensburg-Prüfening (41),FS,6,0.985,9,MZa,362,6938019,6938020,0.5,Weiden,Dreieck Holledau (A 9),70310,76935,80109,64074,66814,65699,52227,56864,7210,125,1152,5934,33929,30145,3437,3773,724172.141,5433852.053
Autobahn,Regensburg Stadt,A 93,69389043,AS Regensburg-Prüfening (41),AS Regensburg-Königswiesen (42),FS,6,0.671,9,MZa,362,6938020,6938023,0.657,Weiden,Dreieck Holledau (A 9),73927,80893,84231,64402,67227,65736,52660,57092,7309,57,1286,5966,34117,30285,3533,3776,723861.004,5433227.597
Autobahn,Regensburg Stadt,A 93,69389044,AS Regensburg-Königswiesen (42),AS Regensburg-Kumpfmühl (43),FS,6,1.041,9,MZa,362,6938023,6938030,0.636,Weiden,Dreieck Holledau (A 9),59830,65433,66730,64350,67084,65687,52929,57497,6853,97,955,5801,34386,29964,2951,3902,723963.931,5432250.045
Autobahn,Regensburg Stadt,A 93,70389042,AS Regensburg-Kumpfmühl (43),AK Regensburg (44),FS,6,0.853,9,MZa,362,6938030,7038002,0.392,Weiden,Dreieck Holledau (A 9),64773,70230,71926,63270,63631,69469,53407,56907,6363,94,987,5282,33881,29389,3219,3144,724055.218,5431760.203
Autobahn,Regensburg LK,A 93,70389041,AK Regensburg (44),AS Regensburg-Süd (45),FS,5,1.914,9,MZa,375,7038002,7038008,0.669,Weiden,Dreieck Holledau (A 9),52112,56518,61776,55922,56598,61171,46275,48240,7682,45,1334,6303,31340,24583,3836,3846,723952.007,5430275.876
Autobahn,Regensburg LK,A 93,70389040,AS Regensburg-Süd (45),TR Pentling (FR Regensburg),FS,4,3.116,9,MZa,375,7038008,7038035,1.324,Regensburg,Dreieck Holledau (A 9),40049,43435,47423,43456,44114,45882,37790,37271,6185,26,1040,5119,23589,19867,3408,2777,724288.354,5429327.899
Autobahn,Regensburg LK,A 93,70389043,TR Pentling (FR Regensburg),AS Bad Abbach (46),FS,4,2.761,9,MZa,375,7038035,7038029,1.505,Regensburg,Dreieck Holledau (A 9),39491,42830,46765,42472,42237,47271,36637,38620,3851,91,619,3142,22861,19611,2141,1710,726372.265,5426034.077
Autobahn,Kelheim,A 93,70389039,AS Bad Abbach (46),AD Saalhaupt (47),FS,4,5.117,9,MZa,273,7038029,7138032,4.582,Regensburg,Dreieck Holledau (A 9),37757,40742,44502,41824,41970,48051,32675,35593,6230,126,1308,4796,22284,19540,3429,2802,726194.821,5424048.013
Autobahn,Kelheim,A 93,71389001,AD Saalhaupt (47),AS Hausen (48),FS,4,6.291,9,MZa,273,7138032,7138029,5.725,Regensburg,Dreieck Holledau (A 9),,,40231,28863,28920,31577,24899,25099,3763,20,778,2965,15281,13581,2020,1743,,
Autobahn,Kelheim,A 93,71389038,AS Hausen (48),AS Abensberg (49),FS,4,7.092,9,MZa,273,7138029,7137019,2.879,Regensburg,Dreieck Holledau (A 9),34114,36811,40231,26151,26310,28206,22743,22451,3699,29,716,2954,13487,12663,1907,1792,720739.618,5415066.701
Autobahn,Kelheim,A 93,71379037,AS Abensberg (49),AS Siegenburg (50),FS,4,9.04,9,MZa,273,7137019,7237011,3.106,Regensburg,Dreieck Holledau (A 9),30724,33153,36224,24693,24793,25925,22632,21067,3626,24,697,2906,12563,12129,1905,1721,715719.214,5410298.282
Autobahn,Kelheim,A 93,72379036,AS Siegenburg (50),AS Elsendorf (51),FS,4,6.775,9,DZ,273,7237011,7236016,2.406,Regensburg,Dreieck Holledau (A 9),24483,26418,28799,20995,20796,22118,20132,18064,2931,37,443,2451,10414,10580,1449,1482,710359.188,5403227.146
Autobahn,Kelheim,A 93,73369100,AS Elsendorf (51),AS Aiglsbach (52),FS,4,5.531,9,MZa,273,7236016,7336001,4.381,Regensburg,Dreieck Holledau (A 9),24785,26744,29224,20158,19758,21123,20223,17823,2336,5,531,1801,10052,10107,1322,1013,704586.983,5398501.722
Autobahn,Kelheim,A 93,73369067,AS Aiglsbach (52),AS Mainburg (53),FS,4,7.385,9,MZa,273,7336001,7336010,7.123,Regensburg,Dreieck Holledau (A 9),24164,26074,28490,19319,18917,20218,19478,17191,2128,2,330,1795,9239,10080,1031,1096,701257.353,5395518.372
Autobahn,Kelheim,A 93,74359066,AS Mainburg (53),AS Wolnzach (54),FS,4,6.952,9,MZa,273,7336010,7435001,0.431,Regensburg,Dreieck Holledau (A 9),30769,33201,36285,22652,22187,27154,18037,19544,3108,24,672,2413,11213,11440,1530,1578,699122.344,5389400.032
Autobahn,Pfaffenhofen a.d.Ilm,A 93,74359065,AS Wolnzach (54),AD Holledau (55),FS,4,3.668,9,MZa,186,7435001,7435003,1.252,Regensburg,Dreieck Holledau (A 9),31316,33791,36930,25517,25811,26709,22835,21528,3989,23,823,3143,12205,13311,1893,2096,693600.73,5385731.179
Bundesstrasse,Straubing-Bogen,B 8,70409100,Pfatter (L 2146),Rinkam (SR 1),FS,2,15.468,9,DZ,278,7040012,7040013,0.556,Regensburg,Passau,6603,7213,7476,6133,6645,6416,3950,4957,1176,17,232,928,3010,3123,585,592,752526.708,5422833.042
Bundesstrasse,Straubing-Bogen,B 8,71419100,Rinkam (SR 1),(L 2142) :Straubing (St2142),FS,2,4.127,9,FZ,278,7141070,7141003,1.215,Regensburg,Passau,10215,10574,11153,9771,10665,10754,5281,7954,1818,42,274,1502,,,,,758412.865,5420690.297
Bundesstrasse,Straubing-Bogen,B 8,71429100,Aiterhofen (B 20),Straßkirchen (L 2325),FS,2,7.787,9,TMt,278,7141052,7142014,2.259,Regensburg,Passau,7844,7640,7606,7113,8034,6545,4676,6327,786,20,189,577,,,,,770203.62,5416153.33
Bundesstrasse,Neumarkt i.d.OPf,B 8,66349184,Postbauer-Heng (L 2402),Nbg. (östl. Pölling B8/B299/KV,FS,2,5.441,9,TMt19,373,6634021,6634029,2.043,Nürnberg,Neumarkt,11110,10441,11160,11116,12693,10491,6465,10256,860,28,315,517,,,,,673908.249,5464180.894
Bundesstrasse,Regensburg LK,B 8,70399114,AS Rosenhof  (A 3),Pfatter (L 2146),FS,2,9.584,9,TM18,375,7039003,7039008,4.123,Regensburg,Passau,9391,10930,9176,8150,,,,6908,1242,44,246,952,,,,,741285.572,5429914.398
Bundesstrasse,Landshut LK,B 11,75389102,AS Moosburg/Nord(A92),Einm. St2082 östl. A92,FS,2,1.992,9,TMt19,274,7538003,7538002,0.262,München,Landshut,17512,16851,17409,15273,16277,16757,9700,14643,630,32,326,272,,,,,722394.707,5374470.664
Bundesstrasse,Landshut LK,B 11,74389310,Eching :St 2082 (KV Biller),Tiefenbach,FS,2,6.694,9,DZ,274,7438027,7438039,0.05,München,Landshut,14188,15061,16051,13362,14648,13663,8442,12996,366,30,210,126,6852,6510,194,172,726212.175,5376420.717
Bundesstrasse,Eichstaett,B 13,70329100,L 2216 (Weißenburg),"L 2047 (KV ""Schernfeld"")",FS,2,8.666,9,TM,176,7032005,7032010,4.265,Ansbach,Ingolstadt,4456,578,632,4388,4679,4145,3695,3789,599,12,137,450,,,,,655827.154,5422575.745
Bundesstrasse,Eichstaett,B 13,70329101,"L 2047 (KV ""Schernfeld""))",L 2230 (OA Eichstätt),FS,2,3.357,9,TM,176,7032012,7033018,0.283,Ansbach,Ingolstadt,7276,6810,7416,6616,7317,6266,4650,5969,647,30,189,428,,,,,658782.443,5418925.347
Bundesstrasse,Eichstaett,B 13,71339103,L 2230 (OA Eichstätt),L 2230 (Pirkheimer Brücke),OD,2,2.981,9,TM,176,7133001,7133016,1.006,Ansbach,Ingolstadt,12651,13153,14356,11855,12687,12687,7791,11164,691,69,222,400,,,,,659900.829,5417532.335
Bundesstrasse,Eichstaett,B 13,71339102,L 2230(Pirkheimer Brücke Eichstätt),L 2035 (Weißenkirchen),FS,3,3.341,9,DZ,176,7133016,7133024,0.169,Ansbach,Ingolstadt,12467,13896,14255,12658,14019,12614,7956,11911,747,48,238,462,6414,6244,378,370,661655.493,5416266.319
Bundesstrasse,Eichstaett,B 13,71339101,L 2035 (Weißenkirchen),K EI 51 (Eitensheim),FS,3,9.349,9,TM,176,7133009,7133022,2.491,Ansbach,Ingolstadt,9735,11907,12991,11302,13011,9881,7296,10548,754,59,235,460,,,,,667797.115,5412159.369
Bundesstrasse,Eichstaett,B 13,71339100,K EI 51 (Eitensheim),"L 2214 (KV ""Gabel"")",FS,2,4.451,9,TM,176,7134034,7234005,2.002,Ansbach,Ingolstadt,7683,7305,7953,7738,8202,8202,5462,7075,663,41,201,421,,,,,671229.908,5408773.896
Bundesstrasse,Eichstaett,B 13,72349102,"L 2214 (KV ""Gabel"")",Ingolstadt St,FS,2,2.006,9,TM,176,7234005,7234007,0.686,Ansbach,Ingolstadt,18205,19912,20461,15077,17182,14536,8458,14384,693,67,257,369,,,,,672670.407,5406089.072
Bundesstrasse,Pfaffenhofen a.d.Ilm,B 13,72349114,B 16 (Oberstimm),L 2049 (Reichertshofen),FS,2,5.683,9,TM19,186,7234064,7334025,1.426,Ingolstadt,München,14129,14294,14842,12736,13736,14273,7104,11810,926,63,305,558,,,,,679883.932,5397990.791
Bundesstrasse,Pfaffenhofen a.d.Ilm,B 13,73349105,L 2049 (Reichertshofen),B 300 (Starkertshofen),FS,2,3.05,9,TM18,186,7334025,7334034,0.968,Ingolstadt,München,6311,6973,6830,5996,,,,5230,766,19,232,515,,,,,680749.361,5393091.039
Bundesstrasse,Pfaffenhofen a.d.Ilm,B 13,74359102,B 300 (Freinhausen),K PAF 9 (Haimpertshofen),FS,2,9.153,9,TM17,186,7334032,7435004,0.969,Ingolstadt,München,6161,6497,7406,6367,,,,6028,339,21,110,208,,,,,684525.004,5383626.116
Bundesstrasse,Pfaffenhofen a.d.Ilm,B 13,74359105,K PAF 9 (Haimpertshofen),L 2232 (OA Pfaffenhofen a.d.Ilm),FS,2,2.181,9,TM17,186,7435007,7435041,0.933,Ingolstadt,München,7020,7735,8145,6996,,,,6671,325,24,112,189,,,,,685081.114,5380882.305
Bundesstrasse,Pfaffenhofen a.d.Ilm,B 13,74359104,L 2232 (Pfaffenhofen a.d.Ilm),L 2045 (Weihern),OD,2,1.292,9,TMt19,186,7435033,7435034,0.947,Ingolstadt,München,15633,14072,11741,9797,10662,11088,4980,9319,479,22,248,209,,,,,685439.14,5379573.449
Bundesstrasse,Pfaffenhofen a.d.Ilm,B 13,74359103,L 2045 (Weihern),L 2045 (OE Pfaffenhofen a.d.Ilm),OD,2,1.248,9,TM19,186,7435034,7435017,0.121,Ingolstadt,München,13586,14419,14913,12750,13679,14226,7448,12128,622,59,333,229,,,,,685581.454,5378509.673
Bundesstrasse,Pfaffenhofen a.d.Ilm,B 13,74359100,L 2045 (OE Pfaffenhofen a.d.Ilm),L 2084 (Ilmmünster),FS,2,4.063,9,TM17,186,7435017,7435027,1.817,Ingolstadt,München,13048,10450,11113,9531,,,,9263,268,24,122,122,,,,,685394.873,5375433.793
Bundesstrasse,Pfaffenhofen a.d.Ilm,B 13,75359202,L 2048 (Ilmmünster),L 2337 Reichertshausen),FS,2,2.306,9,TM17,186,7535003,7535007,1.131,Ingolstadt,München,,12016,9369,8045,,,,7795,249,24,127,99,,,,,685463.11,5372018.505
Bundesstrasse,Kelheim,B 15N,71389101,AD Saalhaupt (1),AS Schierling-Nord (2),FS,4,6.221,9,MZa,273,7138032,7138034,0.501,GEGEN,IN,,,,15298,16479,15561,10800,12506,2793,17,556,2220,,,,,,
Bundesstrasse,Regensburg LK,B 15N,71389102,AS Schierling-Nord (2),AS Schierling-Süd (3),FS,4,2.691,9,DZ,375,7138034,7138035,2.066,GEGEN,IN,,,15059,14996,15894,15285,11453,12556,2440,19,359,2062,7415,7581,1217,1223,,
Bundesstrasse,Landshut LK,B 15N,72389103,AS Schierling-Süd (3),AS Neufahrn i.NB-Nord (4),FS,4,11.387,9,MZa,274,7138035,7238025,7.415,GEGEN,IN,,,,14153,14782,14233,11839,11526,2627,13,386,2228,,,,,,
Bundesstrasse,Landshut LK,B 15N,72389102,AS Neufahrn i.NB-Nord (4),AS Neufahrn i.NB-Süd (5),FS,4,1.735,9,MZa,274,7238025,7239040,0,GEGEN,IN,,,,13475,13734,15153,10243,10946,2529,11,354,2164,,,,,,
Bundesstrasse,Landshut LK,B 15N,73399101,AS Neufahrn i.NB-Süd (5,AS Ergoldsbach (6),FS,4,5.286,9,MZa,274,7239040,7339025,5.286,,,,,,13833,14480,14400,10779,11082,2751,18,488,2245,,,,,,
Bundesstrasse,Landshut LK,B 15N,73399102,AS Ergoldsbach (6),AS Essenbach (7),FS,4,7.32,9,MZa,274,7339025,7339028,3.679,,,,,,13111,13687,13327,10795,10679,2432,15,393,2024,,,,,,
Bundesstrasse,Landshut LK,B 15,74389140,St 2054 Münchsdorf,Kumhausen (LA 21),FS,3,6.281,9,TM17,274,7538004,7438026,3.43,Rosenheim,Landshut,11607,11000,13024,11321,,,,10714,606,66,163,378,,,,,733499.78,5376888.445
Bundesstrasse,Landshut LK,B 15,74399110,OE Landshut (Harlanderknoten),Anschluß Ergolding,FS,4,2.473,9,MZa,274,7438008,7439007,1.162,Rosenheim,Regensburg,21098,29184,30991,26140,28604,26522,16988,24465,1675,101,565,1010,,,,,733988.082,5383553.559
Bundesstrasse,Landshut LK,B 15,74399120,Anschluß Ergolding,St 2074 Altheim,FS,4,1.137,9,MZa,274,7439007,7439006,0.518,Landshut,Regensburg,18194,28994,30801,24333,27030,24958,14025,22728,1605,72,551,982,,,,,734780.243,5384435.7
Bundesstrasse,Landshut LK,B 15,74399148,St 2074 Altheim,A 92,FS,4,1.479,9,MZa,274,7439006,7439026,0.435,Landshut,Regensburg,,21961,23296,19328,21805,17968,12546,17805,1523,69,429,1025,,,,,735146.545,5385865.507
Bundesstrasse,Landshut LK,B 15,73399150,A 92,Essenbach (St 2141),FS,2,3.737,9,TMt20,274,7439001,7339016,1.487,GEGEN,IN,13287,16679,18716,11781,12784,12888,6738,10889,892,23,301,568,,,,,736755.399,5389041.063
Bundesstrasse,Landshut LK,B 15,73399160,Essenbach (L 2141),Neufahrn i. NB (L 2142),FS,2,14.207,9,DZ,274,7339004,7339002,0.57,Landshut,Regensburg,9907,14349,15539,6607,7266,6973,3792,5971,636,27,200,408,3382,3224,333,302,736485.839,5395993.927
Bundesstrasse,Landshut LK,B 15,72399100,Neufahrn i. NB (St 2142),Mallersdorf-Pfaffenberg (St 21,FS,2,2.85,9,TM,274,7239034,7239036,0.299,GEGEN,IN,6980,4455,4360,3532,3921,3651,2009,3217,315,28,119,168,,,,,735080.064,5404010.397
Bundesstrasse,Regensburg LK,B 15,71399115,Mallersdorf-Pfaffenberg (L 214,bei Eggmühl (L 2144 / R1),FS,2,9.818,9,TM16,375,7139024,7139020,1.084,Landshut,Regensburg,4339,2875,2683,2365,,,,1927,438,15,84,339,,,,,732698.278,5411200.506
Bundesstrasse,Regensburg LK,B 15,71399116,bei Eggmühl (L 2144 / R1),Ri Pfakofen (L 2146),FS,2,5.596,9,TM19,375,7139025,7139004,1.683,Landshut,Regensburg,4670,3184,3261,2910,3314,2935,1461,2387,523,15,116,392,,,,,733729.831,5416431.441
Bundesstrasse,Regensburg LK,B 15,70399117,Ri Pfakofen (L 2146),Köfering (R 30 / L2329),FS,2,7.484,9,TM,375,7139002,7039023,2.382,Landshut,Regensburg,8645,6999,7533,5769,6289,6650,2726,5183,586,30,206,350,,,,,735128.229,5423506.488
Bundesstrasse,Regensburg LK,B 15,70399118,Köfering (R 30 / L2329),Obertraubling (R20 / L 2111),FS,2,3.772,9,TM16,375,7039016,7039007,0.58,Landshut,Regensburg,11736,10732,10575,9178,,,,8502,676,57,219,399,,,,,733025.09,5426773.251
Bundesstrasse,Regensburg LK,B 15,70399175,Obertraubling (R20 / L 2111),nordöstl.Obertraubling (L 2145,OD,2,0.836,9,MZa,375,7039006,7039022,0.754,Landshut,Regensburg,17834,14856,15784,16220,18871,15597,7805,15074,1147,126,367,654,,,,,732283.358,5428910.04
Bundesstrasse,Regensburg Stadt,B 15,70399176,nordöstl.Obertraubling (L 2145,Regensbg Baulastgr (H.Quandt-A,FS,2,1.917,9,TMt,362,7039022,7038032,1.479,Landshut,Amberg über A 93,8625,10082,10721,9510,10913,9689,4340,8433,1077,27,442,608,,,,,732136.696,5429160.061
Bundesstrasse,Pfaffenhofen a.d.Ilm,B 16,72369110,B 300 (Dürnbucher Forst),BA-Grenze (StBALA),FS,4,2.301,9,TM17,186,7236012,7236021,0.936,Ingolstadt,Regensburg,,,12500,11069,,,,8225,2844,26,328,2490,,,,,,
Bundesstrasse,Pfaffenhofen a.d.Ilm,B 16,72359114,L 2335 (Manching),L 2335 (Manching Bhf),FS,2,1.448,9,TM20,186,7235020,7235026,0.595,Ingolstadt,Regensburg,,,12285,14149,15345,15907,7528,11186,2964,37,489,2438,,,,,,
Bundesstrasse,Pfaffenhofen a.d.Ilm,B 16,72349116,L 2044 (Zuchering),B 13 (Oberstimm),FS,3,3.093,9,TM16,186,7234070,7234064,2.563,Donauwörth,Ingolstadt,13512,14179,18242,16097,,,,13523,2575,33,412,2129,,,,,678974.028,5398042.5
Bundesstrasse,Pfaffenhofen a.d.Ilm,B 16,72349104,B 13 (Oberstimm),BAB A 9 (AS Manching),FS,2,3.301,9,TM20,186,7234064,7234072,1.033,Donauwörth,Ingolstadt,20886,19770,21106,20025,22739,19691,10986,17055,2970,62,588,2320,,,,,680670.981,5398886.632
Bundesstrasse,Pfaffenhofen a.d.Ilm,B 16,72349105,BAB A 9 (AS Manching),L 2335 (Manching),FS,3,1.06,9,MZa,186,7234053,7235020,0.81,Ingolstadt,Regensburg,18080,19833,21563,18214,20741,18032,9619,15522,2692,64,477,2150,,,,,683608.639,5398064.787
Bundesstrasse,Pfaffenhofen a.d.Ilm,B 16,72359100,L 2335 (Manching Bhf),L 2232 (Ernsgaden),FS,2,6.623,9,TM17,186,7235026,7235027,3.858,Ingolstadt,Regensburg,12703,12805,11499,10062,,,,8289,1774,29,249,1496,,,,,686473.922,5399871.767
Bundesstrasse,Pfaffenhofen a.d.Ilm,B 16,72359101,L 2232 (Ernsgaden),L 2232( Rockolding),FS,2,1.006,9,TM19,186,7235028,7235032,0.413,Ingolstadt,Regensburg,11985,11863,13592,11860,12677,13097,7286,9124,2736,36,397,2303,,,,,691269.611,5400864.354
Bundesstrasse,Pfaffenhofen a.d.Ilm,B 16,72359111,L 2232 (Rockolding),B 300 (Dürnbucher Forst),FS,2,6.063,9,TM,186,7235032,7236012,2.913,Ingolstadt,Regensburg,7470,8986,9641,10603,11553,11553,5960,8519,2084,68,329,1687,,,,,694470.304,5402177.389
Bundesstrasse,Eichstaett,B 16A,72359112,K EI 39 (KV Mailing),L 2335(Großmehring Süd),FS,2,4.104,9,TM,176,7234027,7235033,0.959,Ingolstadt,Vohburg a. d. Donau,,14647,16047,14447,15887,15887,7414,13343,1104,141,287,676,,,,,684203.962,5405108.789
Bundesstrasse,Eichstaett,B 16A,72359108,L 2335 (Großmehring Süd),K PAF 30 (Oberdünzing),FS,2,7.578,9,TM,176,7235033,7235034,3.396,Ingolstadt,Vohburg a. d. Donau,7145,8042,8751,7040,7644,7644,4088,6437,603,73,169,361,,,,,688696.126,5405873.293
Bundesstrasse,Pfaffenhofen a.d.Ilm,B 16A,72359102,K PAF 30 (Oberdünzing),L 2232 (Oberdünzing),FS,2,0.83,9,TM,186,7235006,7235037,0.541,Ingolstadt,Vohburg a.d.Donau,7735,7980,8671,7859,8683,8683,3826,7164,695,46,199,450,,,,,692961.66,5405720.711
Bundesstrasse,Pfaffenhofen a.d.Ilm,B 16A,72359109,L 2232 (Oberdünzing),K PAF 29 (Mitterwöhr),OD,2,1.354,9,TM18,186,7235038,7235011,0.392,Vohburg a.d.Donau,B 16 Münchsmünster,6095,6553,6564,5743,,,,5210,533,17,130,386,,,,,693451.906,5405168.166
Bundesstrasse,Pfaffenhofen a.d.Ilm,B 16A,72359113,K PAF 29 (Mitterwöhr),B 300 (Münchsmünster),FS,2,4.45,9,TM18,186,7235011,7236010,1.403,Vohburg a. d. Donau,B 16 Münchsmünster,,4172,5177,4540,,,,3982,557,19,109,429,,,,,694890.619,5403861.888
Bundesstrasse,Kelheim,B 16,72369170,Bauamtsgrenze,Neustadt a.d.Donau St (B 299),FS,4,8.97,9,DZ,273,7236009,7236023,2.5,Ingolstadt,Regensburg,,,,11190,12501,11190,6600,9009,2181,10,344,1827,5615,5575,1076,1105,701714.729,5405506.277
Bundesstrasse,Kelheim,B 16,72369180,B 299 Anschluß ERN,KEH 22,FS,2,1.496,9,TM19,273,7236023,7236002,1.04,Ingolstadt,Regensburg,11646,14005,14811,13258,14513,13684,8275,10452,2806,27,434,2345,,,,,704134.276,5407076.763
Bundesstrasse,Kelheim,B 16,72369190,KEH 22,B 301 Abensberg,FS,2,4.345,9,TM,273,7236027,7237015,1.809,Ingolstadt,Regensburg,7263,9209,9630,8837,9765,9765,4302,7159,1678,24,290,1364,,,,,707540.448,5408464.608
Bundesstrasse,Kelheim,B 16,71379197,B 301 Abensberg,St 2144 Abensberg,FS,2,2.464,9,TM17,273,7237015,7137013,1.317,Ingolstadt,Regensburg,9151,10313,11081,9818,,,,7589,2228,29,317,1883,,,,,709347.495,5409294.729
Bundesstrasse,Kelheim,B 16,71379200,St 2144 Abensberg,St 2230 Kelheim,FS,2,11.184,9,TM18,273,7137013,7137008,2.322,Ingolstadt,Regensburg,6343,7567,7355,6601,,,,5151,1450,31,194,1225,,,,,711386.964,5412416.774
Bundesstrasse,Kelheim,B 16,70379205,St 2230 Kelheim,KEH 19 Saal a.d. Donau,FS,2,2.793,9,TM18,273,7037020,7037015,0.484,Ingolstadt,Regensburg,7937,11981,12568,11198,,,,9390,1808,57,322,1429,,,,,715009.649,5421309.237
Bundesstrasse,Kelheim,B 16,70379210,KEH 19 Saal a.d. Donau,OA Bad Abbach,FS,3,7.106,9,FZ,273,7037016,7038034,2.499,Ingolstadt,Regensburg,9099,12661,13308,11590,12538,12451,7076,9917,1673,95,653,925,,,,,718074.838,5422481.269
Bundesstrasse,Regensburg LK,B 16,70389123,Rgbg. (sw. Bad AbbachSBA-LA ),Pentling (R45),FS,2,6.72,9,TM19,375,7038025,7038024,1.273,Ingolstadt,Regensburg,18691,20376,20662,18215,19196,19710,12705,16638,1576,86,364,1126,,,,,723742.057,5427934.481
Bundesstrasse,Regensburg Stadt,B 16,69389158,AS R-Nord (A93),Regensburg St (B 15/B16),FS,4,0.553,9,MZa,362,6938036,6938035,0.098,Ingolstadt,Cham,24619,26071,27729,25559,28580,25659,14846,23955,1604,34,580,990,,,,,726388.704,5437221.559
Bundesstrasse,Regensburg Stadt,B 16,69389159,Regensburg St (B 15/B16),Regensburg (AS Haslbach St. Rs,FS,2,2.15,9,TM19,362,6938035,6938052,1.899,Ingolstadt,Cham,15557,16042,19565,17285,18544,19039,10443,15798,1487,32,485,970,,,,,728254.031,5438305.098
Bundesstrasse,Regensburg LK,B 16,69399160,Roding (AS Haslbach St. R.Rs6),Wenzenbach (R 6),FS,2,4.685,9,TM19,375,6938033,6939008,0.459,Ingolstadt,Cham,11734,14253,16934,14932,15821,16247,9996,13721,1210,30,339,841,,,,,731830.475,5440159.342
Bundesstrasse,Regensburg LK,B 16,69399170,Wenzenbach (R 6),Rgbg. (AS Bernhardsw. R6 ),FS,2,5.128,9,TM17,375,6939008,6939009,0.862,Regensburg,Cham,11213,11718,13510,11786,,,,10681,1105,23,240,842,,,,,735866.664,5441326.016
Bundesstrasse,Regensburg LK,B 16,69399180,AS Bernhardswald (R6 ),AS Hauzendorf L2650,FS,2,3.924,9,TM18,375,6939009,6839019,1.946,Regensburg,Cham,8753,10358,11531,10197,,,,9067,1131,22,250,858,,,,,736607.034,5442725.916
Bundesstrasse,Regensburg LK,B 16,68399181,AS Hauzendorf L2650,AS Nittenau-Süd (L 2145),FS,2,7.171,9,TM18,375,6839019,6839016,2.273,Regensburg,Cham,6971,7892,9356,8303,,,,7176,1127,22,237,868,,,,,738366.525,5446305.148
Bundesstrasse,Schwandorf,B 16,68399185,St 2145 (Nittenau),St 2149 (Muckenbach),FS,4,12.88,9,TM17,376,6839017,6839018,1.745,GEG,IN,6579,6334,6986,6138,,,,5145,993,26,209,758,,,,,740560.421,5454372.565
Bundesstrasse,Straubing-Bogen,B 20,71419108,AS SR 7,AS Aiterhofen (B 8),FS,4,8.88,9,TMt,278,7241036,7141047,0.1,Burghausen,Furth i. Wald,12082,15154,15790,12190,12809,12835,9127,9309,2881,75,560,2246,,,,,768271.271,5411804.57
Bundesstrasse,Straubing-Bogen,B 20,71419107,Aiterhofen (B 8),Parkstetten (St2125),FS,4,11.66,9,TM,278,7141042,7041023,2.775,Burghausen,Furth i. Wald,22898,23369,24472,18689,21381,21381,5536,15420,3269,105,831,2333,,,,,765025.411,5422159.563
Bundesstrasse,Straubing-Bogen,B 20,70419101,Steinach (A 3),Ascha (L 2147),FS,4,7.295,9,TM16,278,7041033,6941022,1.858,Straubing,Furth i. Wald,10430,11075,12509,11023,,,,8911,2113,35,348,1730,,,,,765558.916,5431553.005
Bundesstrasse,Straubing-Bogen,B 20,69419100,Ascha (L 2147),Traitsching (K 43),FS,2,12,9,TM16,278,6941021,6941020,2.088,Straubing,Furth i. Wald,7685,9002,10774,9481,,,,7773,1708,26,291,1391,,,,,766504.117,5439319.094
Bundesstrasse,Schwandorf,B 22,65409101,St 2156 (Teunz),St 2159 (Oberviechtach),FS,2,3.87,9,TM18,376,6540003,6540023,0.55,GEG,IN,6123,6259,5865,5172,,,,4685,487,22,149,315,,,,,744925.266,5485657.304
Bundesstrasse,Schwandorf,B 22,65409102,SAD 47 (Winklarn),St 2152 (Winkrarn),FS,2,17.23,9,DZ,376,6540019,6540021,0.058,Weiden i. d. Opf. ,Cham,3023,3309,3304,2976,3155,3090,2192,2560,416,4,132,280,1518,1458,216,200,752213.326,5480351.608
Bundesstrasse,Schwandorf,B 85,66389107,St 2397 (Kreith),A 93  AS 32 Schwandorf-Nord,FS,4,6.064,9,TM18,376,6638026,6638017,4.45,GEG,IN,8361,9208,9118,8096,,,,6833,1263,22,241,1000,,,,,725506.015,5470688.787
Bundesstrasse,Schwandorf,B 85,66399102,A 93 AS 33 Schwandorf-Mitte,Wackersdorf,FS,4,2.626,9,MZa,376,6639006,6639007,0,Amberg,Cham,11585,13225,14007,13508,14422,14505,8929,12029,1479,18,340,1121,,,,,730285.275,5466794.006
Bundesstrasse,Schwandorf,B 85,67399101,Wackersdorf,St 2398 (Bodenwöhr),FS,4,10.263,9,TM17,376,6739021,6739019,1.601,GEG,IN,8383,9400,10516,9205,,,,8085,1120,22,249,849,,,,,733799.799,5464297.584
Bundesstrasse,Schwandorf,B 85,67409101,St 2398 (Bodenwöhr),CHA 23 (Neubäu),FS,4,9.249,9,TM,376,6739012,6740011,2.14,GEG,IN,6504,6154,7979,6569,6892,6487,5553,5483,1086,15,244,827,,,,,743218.131,5461118.021
Bundesstrasse,Neumarkt i.d.OPf,B 299,68349100,B 299/NM 12 in Mühlhausen,B 299 /L2237 n.Berching,FS,2,5.862,9,TM,373,6834026,6834027,0.368,GEGEN,IN,,,6995,5764,6350,6005,3371,5143,621,11,182,428,,,,,,
Bundesstrasse,Neumarkt i.d.OPf,B 299,66359188,,,FS,2,5.728,9,TM18,373,6635007,6635008,0.361,Amberg,Neumarkt i.d.OPf.,4447,4816,5250,4642,,,,4049,593,20,163,410,,,,,687482.091,5468677.299
Bundesstrasse,Neumarkt i.d.OPf,B 299,66359151,n. Laaber (NM 14),w.Neumarkt i.d. OPf. Zubr.A3,FS,2,5.778,9,TM18,373,6635008,6635009,3.587,Amberg,Neumarkt i.d.OPf.,6586,6426,6714,5943,,,,5250,694,11,182,500,,,,,682093,5465386.898
Bundesstrasse,Neumarkt i.d.OPf,B 299,66349152,w.Neumarkt i.d. OPf. Zubr.A3,AS Neumarkt i.d. OPf. (A3),FS,2,1.573,9,TM18,373,6634022,6634017,0.534,Amberg,Neumarkt i.d.OPf.,10671,9461,11485,10152,,,,8963,1189,20,267,902,,,,,680280.625,5464703.153
Bundesstrasse,Neumarkt i.d.OPf,B 299,66349189,w.Neumarkt i.d. OPf. Zubr.A3,Neumarkt i.d. OPf. (NM 4),FS,4,0.629,9,MZa,373,6634022,6734035,0.306,Amberg,Neumarkt i.d.OPf.,16542,17971,19053,17123,19144,16850,10426,15584,1539,40,463,1037,,,,,680608.855,5463801.555
Bundesstrasse,Neumarkt i.d.OPf,B 299,67349901,Neumarkt i.d. OPf. (NM 4),B299/L 2240 n. Neumarkt/Opf,FS,2,1.658,9,TMt19,373,6734035,6734041,0.168,Amberg,Landshut,9360,8304,8184,7261,8389,7096,3540,6102,1158,13,310,836,,,,,680249.718,5463490.902
Bundesstrasse,Neumarkt i.d.OPf,B 299,67349900,B299/L 2240 n. Neumarkt/Opf.,KV westl. Pölling,FS,2,2.04,9,TM,373,6734042,6734043,0.095,Amberg,Landshut,9544,11456,12718,12064,13944,11259,6600,10683,1381,26,418,937,,,,,677926.942,5463362.036
Bundesstrasse,Neumarkt i.d.OPf,B 299,67349902,NM 24 westl. Woffenbach,NM 41 Verb_Arm südl. Woffenbach,FS,2,3.57,9,TM,373,6734045,6734046,0.937,Amberg,Landshut,6374,8763,9070,9057,10601,8735,4102,7685,1372,24,372,976,,,,,676750.242,5460358.974
Bundesstrasse,Neumarkt i.d.OPf,B 299,67349903,NM 41 Verb_Arm südl. Woffenbach,B 299 /L2240 s. Neumarkt/Opf.,FS,2,0.849,9,TM,373,6734046,6734053,0.648,Amberg,Landshut,4609,7710,10132,8710,10069,8373,4426,7341,1369,21,375,973,,,,,677806.277,5459971.579
Bundesstrasse,Neumarkt i.d.OPf,B 299,67349166,L 2240 s. Neumarkt/Opf (früh.,B 8 / B299 s. Neumarkt/OPf.,FS,2,0.573,9,MZa,373,6734053,6734048,0.177,Amberg,Landshut,13679,14573,15467,13771,15028,15324,7217,12534,1237,27,399,811,,,,,678134.112,5459608.146
Bundesstrasse,Neumarkt i.d.OPf,B 299,67349190,B 8 / B299 s. Neumarkt/OPf.,B299/NM18 östl. Sengenthal,FS,2,1.71,9,TM18,373,6734048,6734049,0.493,Neumarkt i.d.OPf.,Landshut,11536,11923,12623,11104,,,,10247,857,47,257,552,,,,,678148.628,5458690.092
Bundesstrasse,Neumarkt i.d.OPf,B 299,67349146,B299/NM18 östl. Sengenthal,in Mühlhausen (NM12),FS,2,6.126,9,TM,373,6734049,6734013,3.274,Neumarkt i.d.OPf.,Landshut,10558,12099,11207,10685,11973,11085,5614,9784,901,52,297,552,,,,,678721.805,5454343.715
Bundesstrasse,Neumarkt i.d.OPf,B 299,68349178,B 299/NM 12 in Mühlhausen,B 299 /L2237 n.Berching,OD,2,3.622,9,TM17,373,6834007,6834018,0.513,Neumarkt i.d.OPf.,Landshut,10023,10476,,10703,,,,9836,867,45,252,569,,,,,678343.485,5448502.138
Bundesstrasse,Neumarkt i.d.OPf,B 299,69349145,B 299 /L2237 n.Berching,südl. Plankstetten (Bauamtsgr.,FS,2,8.935,9,TM18,373,6934002,6934031,0.537,Neumarkt i.d.OPf.,Landshut,7116,8155,7291,6496,,,,5539,957,49,214,695,,,,,679233.413,5439088.266
Bundesstrasse,Eichstaett,B 299,69349102,BA Grze Regensburg,OA Beilngries (Am Ludwigskanal),FS,2,1.672,9,TM,176,6934031,6934032,0.505,Neumarkt i.d.OPf.,Neustadt a.d.Donau,6805,6778,7083,6317,6548,6548,5196,5564,753,50,230,473,,,,,680220.119,5436435.937
Bundesstrasse,Eichstaett,B 299,69349104,OA Beilngries (Am Ludwigskanal),"L 2230 (Beilngries ""Kurpark"")",OD,2,1.828,9,TM,176,6934032,6934034,1.402,Neumarkt i.d.OPf.,Neustadt a.d.Donau,6153,8855,9667,7845,8324,8324,5515,7172,673,38,251,384,,,,,680886.117,5434774.052
Bundesstrasse,Eichstaett,B 299,69349100,KV (OU Beilngries),L 2229 (Paulushofen),FS,2,3.356,9,TM19,176,6934040,6935029,0.773,Neumarkt i.d.OPf.,Neustadt a.d.Donau,7360,7266,7914,6786,7181,7457,4472,6163,622,65,161,396,,,,,681487.991,5432488.727
Bundesstrasse,Eichstaett,B 299,69349106,"L 2230 (Beilngries ""Kurpark"")",KV (OU Beilngries (KV)),OD,2,1.199,9,TM,176,6934035,6934040,1.031,Neumarkt i.d.Opf,Neustadt a.d.Donau,,,,6131,6433,6433,4652,5559,572,93,152,327,,,,,,
Bundesstrasse,Eichstaett,B 299,70359100,L 2229 (Paulushofen),K EI 30 (Sandersdorf),FS,2,15.496,9,TM18,176,7035008,7035013,0.976,Neumarkt i.d.OPf.,Neustadt a.d.Donau,2707,2575,2787,2467,,,,2067,400,16,111,273,,,,,688572.963,5423352.066
Bundesstrasse,Eichstaett,B 299,71359100,K EI 30 (Sandersdorf),K EI 32 (Mindelstetten),FS,2,6.291,9,TM18,176,7135003,7135005,2.518,Neumarkt i.d.OPf.,Neustadt a.d.Donau,3351,3337,3689,3245,,,,2857,389,14,119,255,,,,,693334.555,5415404.21
Bundesstrasse,Eichstaett,B 299,71369738,K EI 32 (Mindelstetten),L 2232 (Pförring),FS,2,6.095,9,TM18,176,7135008,7136018,3.054,Neumarkt i.d.OPf.,Neustadt a.d.Donau,3610,3324,3588,3153,,,,2774,379,7,116,256,,,,,695898.731,5411819.385
Bundesstrasse,Kelheim,B 299,71369220,St 2232 Pförring,St 2233 (Wöhr) Neustadt a.d.Do,FS,2,3.825,9,TM,273,7136037,7136036,0.446,Neumarkt i.d.OPf.,Landshut,7680,7615,8056,6551,7314,6460,4005,6157,394,9,139,246,,,,,699821.203,5410990.32
Bundesstrasse,Kelheim,B 299,71369222,St 2233 (Wöhr) Neustadt a.d.Do,St 2233 Anschluß Neustadt a.d.,FS,2,1.648,9,TM19,273,7136042,7136039,1.033,Neumarkt i.d.OPf.,Landshut,5764,5988,5957,5270,5876,5257,3170,4755,515,11,161,344,,,,,702038.063,5409280.023
Bundesstrasse,Kelheim,B 299,72369232,St 2233 Anschluß Neustadt/Dona,B 16 Anschluß ERN,FS,2,2.588,9,TM19,273,7136039,7236023,1.855,Neumarkt i.d.OPf.,Landshut,6282,6160,6240,5563,6237,5461,3347,4668,895,11,181,703,,,,,703219.5,5407263.098
Bundesstrasse,Kelheim,B 299,72369240,Anschluß B 16,B 301 Siegenburg,FS,2,3.608,9,TM17,273,7236027,7237012,1.073,Neustadt a.d. Donau,Landshut,5132,6467,7333,6516,,,,5060,1456,20,201,1235,,,,,706287.486,5406565.645
Bundesstrasse,Kelheim,B 299,72379245,B 301 Siegenburg,AS Siegenburg (A 93),FS,2,2.927,9,TM17,273,7237012,7237013,1.23,Neustadt a.d. Donau,Landshut,6435,6928,9142,8093,,,,6480,1613,22,258,1333,,,,,709610.453,5404682.33
Bundesstrasse,Kelheim,B 299,72379250,AS Siegenburg (A 93),St 2643 Pfeffenhausen,FS,2,12.927,9,TM17,273,7237011,7237008,1.022,Neustadt a.d. Donau,Landshut,5988,5564,6828,6068,,,,4649,1419,13,184,1222,,,,,711085.546,5403387.601
Bundesstrasse,Landshut LK,B 299,73379270,Pfeffenhausen St 2643,Weihmichl LA 12,FS,2,10.79,9,TM17,274,7337018,7338018,1.215,Neustadt a.d. Donau,Landshut,6908,5240,6558,5813,,,,4527,1286,27,157,1102,,,,,718993.024,5392916.796
Bundesstrasse,Landshut LK,B 299,74389275,Weihmichl LA 12,St 2049 KV Arth,FS,2,2.764,9,TM17,274,7338013,7438004,0.97,Neustadt a.d. Donau,Landshut,10864,8711,10209,8973,,,,7568,1405,28,194,1183,,,,,724435.233,5387714.622
Bundesstrasse,Landshut LK,B 299,74389280,St 2049 KV Arth,A 92 Altdorf,FS,2,3.185,9,TM20,274,7438033,7438029,0.767,Neustadt a.d. Donau,Landshut,19740,17316,18910,15541,16765,17134,9050,14006,1535,31,439,1066,,,,,727322.629,5384995.143
Bundesstrasse,Landshut LK,B 299,74389296,Piflas (B 15),Landshut (St 2045 West),OD,4,1.74,9,MZa,274,7438008,7439025,0.313,Neustadt a.d. Donau,Traunstein,23690,17630,18684,21584,23738,20391,15703,20186,1399,64,408,926,,,,,733480.233,5382615.586
Bundesstrasse,Landshut LK,B 299,75399300,Weihbüchl,Geisenhausen LA 8,FS,3,6.324,9,TM19,274,7439023,7539017,2.692,Landshut,Traunstein,14103,15716,18166,16045,18106,15576,9482,14466,1579,27,453,1100,,,,,738763.052,5376019.038
Bundesstrasse,Landshut LK,B 299,75399305,Geisenhausen LA 8,KV Vilsbiburg,FS,2,7.861,9,TM17,274,7539019,7539020,0.572,Landshut,Traunstein,11250,12331,14545,12764,,,,10933,1830,24,443,1363,,,,,742203.034,5374083.3
Bundesstrasse,Landshut LK,B 299,75409813,St 2083 (Achldorf),B 299 (Vilsbiburg),FS,2,2.597,9,TM17,274,7540029,7540030,0.698,Landshut,Traunstein,9043,9975,10788,9480,,,,8014,1466,27,324,1114,,,,,746671.564,5371675.891
Bundesstrasse,Landshut LK,B 299,75409447,Vilsbiburg,B 388 Achldorf,FS,2,1.536,9,TM16,274,7540028,7540022,0.128,Landshut,Traunstein,11936,13000,14189,12385,,,,10909,1477,43,374,1060,,,,,747879.299,5370284.456
Bundesstrasse,Pfaffenhofen a.d.Ilm,B 300,74349103,K PAF 4 (Thierham),B 13 (Freinhausen),FS,3,5.578,9,TM18,186,7434024,7334031,0.201,Schrobenhausen,Geisenfeld,,,14419,12794,,,,10638,2155,63,407,1686,,,,,,
Bundesstrasse,Pfaffenhofen a.d.Ilm,B 300,73349100,B 13 (Freinhausen),B 13 (Starkertshofen),FS,2,1.754,9,TM18,186,7334031,7334030,0.437,Schrobenhausen,Geisenfeld,14974,15765,17273,15176,,,,12854,2322,46,469,1807,,,,,680695.294,5389758.67
Bundesstrasse,Pfaffenhofen a.d.Ilm,B 300,73349106,B 13 (Starkertshofen),K PAF 21 (Reichertshofen),FS,2,2.038,9,TM18,186,7334030,7334029,1.332,Schrobenhausen,Geisenfeld,10474,11133,15569,13695,,,,11460,2236,36,415,1784,,,,,681960.44,5391028.786
Bundesstrasse,Pfaffenhofen a.d.Ilm,B 300,73349104,K PAF 21 (Reichertshofen),L 2049 (Ronnweg),FS,2,3.25,9,TM18,186,7334029,7335023,0.734,Schrobenhausen,Geisenfeld,12385,13403,15440,13677,,,,11738,1939,31,468,1440,,,,,683354.389,5391512.317
Bundesstrasse,Pfaffenhofen a.d.Ilm,B 300,73359100,L 2049 (Ronnweg),L 2335 (OA Geisenfeldwinden),FS,2,7.327,9,TM18,186,7335009,7335005,6.232,Schrobenhausen,Geisenfeld,,,4065,3564,,,,3136,428,10,114,304,,,,,690160.237,5394783.761
Bundesstrasse,Pfaffenhofen a.d.Ilm,B 300,73359102,L 2335 (OA Geisenfeldwinden),K PAF 31 (Geisenfeld),OD,2,2.714,9,TM18,186,7335005,7335006,0.304,Schrobenhausen,Geisenfeld,9912,8433,9094,7932,,,,7375,557,32,189,335,,,,,691399.278,5395493.218
Bundesstrasse,Pfaffenhofen a.d.Ilm,B 300,73359101,K PAF 31 (Geisenfeld),B 16 (Dürnbucher Forst),FS,2,9.13,9,TM18,186,7335004,7335002,0.372,Geisenfeld,B 16,,,3619,3176,,,,2812,363,6,107,250,,,,,694334.911,5396549.126
Bundesstrasse,Kelheim,B 301,73369320,FS 42 Kirchdorf,St 2049 Mainburg,FS,2,4.06,9,TM,273,7336014,7336009,2.288,GEGEN,IN,7221,7542,8001,8283,8989,8989,4834,7727,556,98,211,247,,,,,704810.932,5388997.656
Bundesstrasse,Kelheim,B 301,73369330,St 2049 Mainburg,KEH 31 KV Mainburg,OD,2,2.059,9,MZa,273,7336009,7336006,1.076,GEGEN,IN,13902,12738,13535,13841,15407,13526,8800,13129,712,101,314,297,,,,,704752.157,5391059.98
Bundesstrasse,Kelheim,B 301,73369350,KEH 31 KV Mainburg,A 93 AS Elsendorf,FS,2,7.527,9,TM18,273,7336002,7236016,2.127,GEGEN,IN,6135,6096,5484,4822,,,,4510,312,35,106,171,,,,,705830.822,5397573.009
Bundesstrasse,Kelheim,B 301,72369360,A 93 AS Elsendorf,B 299 Siegenburg,FS,2,6.29,9,TM18,273,7236016,7236014,1.537,GEGEN,IN,5504,5797,6295,5550,,,,5030,520,59,159,303,,,,,706700.914,5400785.422
Bundesstrasse,Kelheim,B 301,72379370,B 299 Siegenburg,B 16 Abensberg,FS,2,4.288,9,TM17,273,7237002,7237015,0.412,GEGEN,IN,7348,6804,6981,6090,,,,5592,497,52,154,292,,,,,708407.954,5408200.32
Bundesstrasse,Landshut LK,B 388,76399382,St 2087 Velden,LA 1 Eberspoint,FS,2,4.663,9,TM16,274,7639007,7639005,2.395,GEGEN,IN,5384,6055,6241,5441,,,,4852,589,20,203,366,,,,,740810.149,5362579.9
Bundesstrasse,Landshut LK,B 388,75409390,LA 1 Eberspoint,B 299 Vilsbiburg,FS,2,6.08,9,TM16,274,7540012,7540022,0.068,GEGEN,IN,6311,6465,6734,5870,,,,5244,626,26,218,383,,,,,746868.186,5367744.982
Bundesstrasse,Landshut LK,B 388,75409395,B 299 VIB (Achldorf),B 299 Aich,FS,2,2.966,9,TM17,274,7540022,7540036,1.445,GEGEN,IN,7216,8410,9764,8623,,,,6891,1731,21,336,1374,,,,,748868.604,5369156.857
Bundesstrasse,Landshut LK,B 388,75409399,B 299 Aich,K LA 3/St 2111 Gangkofen,FS,2,6.906,9,TM17,274,7540025,7540034,0.971,GEGEN,IN,5203,5467,6420,5660,,,,4597,1062,22,270,771,,,,,753635.92,5371439.955
